Rank,Name,Industry,Revenue (USD million),Revenue growth,Employees,Headquarters
1,Walmart,Retail,559200,1.9%,2200000,"Bentonville, Arkansas"
2,Amazon,Retail,386064,20.5%,1225300,"Seattle, Washington"
3,Apple Inc.,Electronics industry,274515,2.0%,137000,"Cupertino, California"
4,CVS Health,Healthcare,268706,32.0%,290000,"Woonsocket, Rhode Island"
5,ExxonMobil,Petroleum industry,264938,8.7%,74900,"Irving, Texas"
6,UnitedHealth Group,Healthcare,257141,7.0%,325000,"Minnetonka, Minnesota"
7,Berkshire Hathaway,Conglomerate,254616,2.7%,391500,"Omaha, Nebraska"
8,McKesson Corporation,Healthcare,214319,2.9%,70000,"Irving, Texas"
9,AmerisourceBergen,Pharmaceutical industry,189900,6.9%,21500,"Chesterbrook, Pennsylvania"
10,Alphabet Inc.,Technology,182530,18.3%,118899,"Mountain View, California"
11,AT&T,Conglomerate,181193,6.1%,247800,"Dallas, Texas"
12,Cigna,Health Insurance,160400,215.7%,73700,"Bloomfield, Connecticut"
13,Ford Motor Company,Automotive industry,155900,2.8%,190000,"Dearborn, Michigan"
14,Costco,Retail,152703,7.9%,201500,"Issaquah, Washington"
15,Chevron Corporation,Petroleum industry,146516,11.9%,48200,"San Ramon, California"
16,Cardinal Health,Healthcare,145534,6.4%,49500,"Dublin, Ohio"
17,Microsoft,Technology,143000,14.0%,144000,"Redmond, Washington"
18,JPMorgan Chase,Financial services,142422,8.4%,256981,"New York City, New York"
19,General Motors,Automotive,137237,6.7%,164000,"Detroit, Michigan"
20,Walgreens Boots Alliance,Pharmaceutical industry,136866,4.1%,287000,"Deerfield, Illinois"
21,Verizon Communications,Telecommunications,131868,0.8%,135000,"New York City, New York"
22,Marathon Petroleum,Petroleum industry,124813,28.5%,60910,"Findlay, Ohio"
23,Kroger,Retail,122286,0.9%,435000,"Cincinnati, Ohio"
24,Fannie Mae,Financials,120304,0.2%,7500,"Washington, D.C."
25,Bank of America,Financials,113589,2.7%,208131,"Charlotte, North Carolina"
26,The Home Depot,Retail,110225,1.9%,415700,"Atlanta, Georgia"
27,Phillips 66,Petroleum industry,109559,4.1%,14500,"Houston, Texas"
28,Comcast,Telecommunications,108942,15.3%,190000,"Philadelphia, Pennsylvania"
29,Anthem,Healthcare,104213,13.1%,70600,"Indianapolis, Indiana"
30,Wells Fargo,Financials,103915,2.8%,259800,"San Francisco, California"
31,Citigroup,Financials,103449,6.5%,200000,"New York City, New York"
32,Valero Energy,Petroleum industry,102729,7.8%,10222,"San Antonio, Texas"
33,General Electric,Conglomerate,95214,20.8%,205000,"Boston, Massachusetts"
34,Dell Technologies,Technology,92154,1.7%,165000,"Round Rock, Texas"
35,"Facebook, Inc.",Technology,85970,26.6%,44942,"Menlo Park, California"
36,Johnson & Johnson,Pharmaceutical industry,82059,0.6%,132200,"New Brunswick, New Jersey"
37,State Farm,Financials,79395,2.9%,57672,"Bloomington, Illinois"
38,Target Corporation,Retail,78112,3.7%,368000,"Minneapolis, Minnesota"
39,Intel,Technology,77870,1.6%,110800,"Santa Clara, California"
40,IBM,Technology,77147,3.1%,383800,"Armonk, New York"
41,United Technologies,Conglomerate,77046,15.9%,243200,"Waltham, Massachusetts"
42,Boeing,Aerospace and defense,76559,24.3%,161100,"Chicago, Illinois"
43,Freddie Mac,Financials,75125,2.1%,6892,"McLean, Virginia"
44,Centene,Healthcare,74639,24.2%,56600,"St. Louis, Missouri"
45,United Parcel Service,Transportation,74094,3.1%,377640,"Atlanta, Georgia"
46,Lowe's,Retail,72148,1.2%,260000,"Mooresville, North Carolina"
47,Procter & Gamble,Consumer products Manufacturing,70950,1.3%,99000,"Cincinnati, Ohio"
48,PepsiCo,Beverage,70370,3.7%,267000,"Purchase, New York"
49,FedEx,Transportation,69693,6.5%,389500,"Memphis, Tennessee"
50,MetLife,Financials,69620,2.5%,49000,"New York City, New York"
51,The Walt Disney Company,Media,69570,17.1%,223000,"Burbank, California"
52,Lockheed Martin,Aerospace and Defense,65400,11.3%,114000,"Bethesda, Maryland"
53,Humana,Health Insurance,64888,14.0%,46000,"Louisville, Kentucky"
54,Prudential Financial,Financials,64807,2.9%,51511,"Newark, New Jersey"
55,Archer Daniels Midland,Food industry,64656,0.5%,38100,"Chicago, Illinois"
56,Albertsons,Retail,60535,1.0%,267000,"Boise, Idaho"
57,Sysco,Food Service,60114,2.4%,69000,"Houston, Texas"
58,HP Inc.,Technology,58756,0.5%,56000,"Palo Alto, California"
59,Energy Transfer Partners,Petroleum industry,54213,0.4%,12812,"Dallas, Texas"
60,Goldman Sachs,Financials,53922,2.7%,38300,"New York City, New York"
61,Morgan Stanley,Financials,53823,7.2%,60431,"New York City, New York"
62,Caterpillar Inc.,Machinery,53800,1.7%,102300,"Deerfield, Illinois"
63,Cisco,Telecom Hardware Manufacturing,51904,5.2%,75900,"San Jose, California"
64,Pfizer,Pharmaceutical industry,51750,3.5%,88300,"New York City, New York"
65,HCA Healthcare,Healthcare,51336,10.0%,245000,"Nashville, Tennessee"
66,AIG,Insurance,49746,5.0%,46000,"New York City, New York"
67,American Express,Financial,47020,8.6%,64500,"New York City, New York"
68,Delta Air Lines,Airlines,47007,5.8%,91224,"Atlanta, Georgia"
69,Merck & Co.,Pharmaceutical industry,46840,10.7%,71000,"Kenilworth, New Jersey"
70,American Airlines,Airlines,45768,2.8%,133700,"Fort Worth, Texas"
71,Charter Communications,Telecommunications,45764,4.9%,95100,"Stamford, Connecticut"
72,Allstate,Insurance,44675,12.2%,46035,"Northfield Township, Cook County, Illinois"
73,New York Life Insurance Company,Insurance,44117,1.6%,11519,"New York City, New York"
74,Nationwide Mutual Insurance Company,Financial,43982,1.6%,28114,"Columbus, Ohio"
75,Best Buy,Retail,43638,1.8%,125000,"Richfield, Minnesota"
76,United Airlines Holdings,Airlines,43259,4.7%,96000,"Chicago, Illinois"
77,Liberty Mutual Group,Insurance,43228,1.3%,45000,"Boston, Massachusetts"
78,Dow Chemical Company,Chemical industry,42951,...,36500,"Midland, Michigan"
79,Tyson Foods,Food Processing,42405,5.9%,141000,"Springdale, Arkansas"
80,TJX,Retail,41717,7.0%,286000,"Framingham, Massachusetts"
81,TIAA,Insurance,40454,1.5%,16533,"New York City, New York"
82,Oracle Corporation,Software,39506,0.8%,136000,"Austin, Texas"
83,General Dynamics,Airspace and defense,39350,8.7%,102900,"Reston, Virginia"
84,John Deere,Agriculture manufacturing,39258,5.1%,73489,"Moline, Illinois"
85,"Nike, Inc.",Apparel,39117,7.5%,76700,"Beaverton, Oregon"
86,Progressive Corporation,Insurance,39022,22.0%,41571,"Mayfield Village, Ohio"
87,Publix,Retail,38463,5.7%,207000,"Lakeland, Florida"
88,Coca-Cola Company,Beverages,37266,17.0%,86200,"Atlanta, Georgia"
89,Massachusetts Mutual Life Insurance Company,Insurance,37253,5.1%,9896,"Springfield, Massachusetts"
90,Tech Data,Information technology,36998,0.6%,15000,"Clearwater, Florida"
91,World Fuel Services,Energy,36819,7.4%,5500,"Miami, Florida"
92,Honeywell,Manufacturing,36709,12.2%,113000,"Charlotte, North Carolina"
93,ConocoPhillips,Petroleum industry,36670,5.3%,10400,"Houston, Texas"
94,USAA,Financials,35617,13.5%,35076,"San Antonio, Texas"
95,Exelon,Electrical Power,34438,4.3%,32713,"Chicago, Illinois"
96,Northrop Grumman,Aerospace and Defense,33841,12.4%,90000,"West Falls Church, Virginia"
97,Capital One,Banking,33766,4.3%,51900,"McLean, Virginia"
98,Plains All American Pipeline,Petroleum industry,33669,1.1%,5000,"Houston, Texas"
99,AbbVie,Pharmaceutical industry,33266,1.6%,30000,"Lake Bluff, Illinois"
100,StoneX Group Inc.,Financials,32897,19.1%,2012,"New York City, New York"
101,Enterprise Products,Petroleum industry,32789,10.3%,7300,"Houston, Texas"
102,Northwestern Mutual,Insurance,32294,10.9%,5964,"Milwaukee, Wisconsin"
103,3M,Manufacturing,32136,1.9%,96163,"Maplewood, Minnesota"
104,Abbott Laboratories,Medical devices,31904,4.3%,107000,"Chicago, Illinois"
105,CHS Inc.,Agriculture cooperative,31901,2.4%,10703,"Inver Grove Heights, Minnesota"
106,The Travelers Companies,Insurance,31581,4.3%,30800,"Hartford, Connecticut"
107,"Tesla, Inc.",Automotive,31536,14.5%,48016,"Palo Alto, California"
108,Philip Morris International,Tobacco,29805,0.6%,73500,"New York City, New York"
109,Raytheon Company,Airspace and defense,29176,7.8%,70000,"Waltham, Massachusetts"
110,Hewlett Packard Enterprise,Technology,29135,5.6%,61600,"Houston, Texas"
111,Arrow Electronics,Electronics,28917,2.6%,19300,"Centennial, Colorado"
112,ViacomCBS,Media,27812,91.6%,26280,"New York City, New York"
113,Dollar General,Retail,27754,8.3%,143000,"Goodlettsville, Tennessee"
114,U.S. Bancorp,Banking,27325,6.0%,69651,"Minneapolis, Minnesota"
115,Starbucks,Food Services,26509,7.2%,346000,"Seattle, Washington"
116,Bristol-Myers Squibb,Pharmaceutical industry,26145,15.9%,30000,"New York City, New York"
117,US Foods,Food distribution,25939,7.3%,28000,"Rosemont, Illinois"
118,Mondelez International,Food processing,25868,0.3%,80000,"Chicago, Illinois"
119,Paccar,Automotive,25600,9.0%,27000,"Bellevue, Washington"
120,Thermo Fisher Scientific,Laboratory instruments,25542,4.9%,75000,"Waltham, Massachusetts"
121,"Macy's, Inc.",Retail,25331,1.6%,123000,"Cincinnati, Ohio"
122,Jabil,Electronic Manufacturing Service,25282,14.4%,200000,"St. Petersburg, Florida"
123,Kraft Heinz,Food processing,24977,4.9%,37000,"Chicago, Illinois"
124,Duke Energy,Energy,24658,2.2%,28793,"Charlotte, North Carolina"
125,PBF Energy,Petroleum industry,24508,9.9%,3442,"Parsippany, New Jersey"
126,Qualcomm,Semiconductor,24273,7.4%,37000,"San Diego, California"
127,NGL Energy Partners,Pipelines,24088,39.4%,1300,"Tulsa, Oklahoma"
128,CBRE Group,Real estate,23894,12.0%,100000,"Dallas, Texas"
129,Baker Hughes,Petroleum industry,23838,4.2%,68000,"Houston, Texas"
130,Synnex,Information distribution,23757,18.5%,240900,"Fremont, California"
131,Dollar Tree,Retail,23611,3.5%,125000,"Chesapeake, Virginia"
132,Cummins,Automotive,23571,0.8%,61615,"Columbus, Indiana"
133,United Natural Foods,Retail,23481,129.6%,19000,"Providence, Rhode Island"
134,Micron Technology,Semiconductors,23406,23.0%,37000,"Boise, Idaho"
135,Amgen,Biotechnology,23362,1.6%,23400,"Thousand Oaks, California"
136,Penske Automotive Group,Transportation,23179,1.7%,26980,"Bloomfield Hills, Michigan"
137,Visa Inc.,Financial services,22977,11.5%,19500,"Foster City, California"
138,Broadcom Inc.,Semiconductor,22597,8.4%,19000,"San Jose, California"
139,Nucor,Metals,22589,9.9%,26800,"Charlotte, North Carolina"
140,Gilead Sciences,Pharmaceutical industry,22449,1.5%,11800,"Foster City, California"
141,Southwest Airlines,Airlines,22428,2.1%,60767,"Dallas, Texas"
142,Halliburton,Petroleum industry,22408,6.6%,55000,"Houston, Texas"
143,CenturyLink,Telecommunication,22401,4.4%,42500,"Monroe, Louisiana"
144,International Paper,Paper,22376,4.0%,51000,"Memphis, Tennessee"
145,Eli Lilly and Company,Pharmaceutical industry,22320,9.1%,33625,"Indianapolis, Indiana"
146,Aflac,Insurance,22307,2.5%,11729,"Columbus, Georgia"
147,Lennar Corporation,Construction,22260,8.2%,10106,"Miami, Florida"
148,Occidental Petroleum,Petroleum industry,21971,16.0%,14400,"Houston, Texas"
149,Union Pacific Corporation,Transportation,21708,4.9%,37483,"Omaha, Nebraska"
150,Rite Aid,Retail,21674,28.3%,42645,"Camp Hill, Pennsylvania"
151,PNC Financial Services,Financial services,21624,8.2%,50968,"Pittsburgh, Pennsylvania"
152,DuPont,Chemical industry,21512,75.0%,35000,"Wilmington, Delaware"
153,Southern Company,Electric Utility,21419,8.8%,27943,"Atlanta, Georgia"
154,AutoNation,Auto Retailer,21336,0.4%,25000,"Fort Lauderdale, Florida"
155,DXC Technology,Information Technology,21184,13.7%,130000,"Tysons, Virginia"
156,McDonald's,Food Chain,21077,0.2%,205000,"Chicago, Illinois"
157,Marriott International,Hospitality,20972,1.0%,174000,"Bethesda, Maryland"
158,ManpowerGroup,Human Resources,20864,5.1%,28000,"Milwaukee, Wisconsin"
159,Bank of New York Mellon,Financial services,20822,8.4%,48400,"New York City, New York"
160,Hartford Financial Services,Financial services,20740,4.6%,19500,"Hartford, Connecticut"
161,Danaher Corporation,Life Science,20521,3.2%,60000,"Washington, D.C."
162,Whirlpool Corporation,Commercial appliance,20419,2.9%,77000,"Benton Charter Township, Michigan"
163,AECOM,Construction,20173,0.1%,86000,"Los Angeles, California"
164,Netflix,Technology,20156,27.6%,8600,"Los Gatos, California"
165,Kohl's,Retail,19974,1.3%,79500,"Menomonee Falls, Wisconsin"
166,Lear Corporation,Automotive,19810,6.3%,164100,"Southfield, Michigan"
167,Altria,Tobacco,19796,0.9%,7300,"Richmond, Virginia"
168,Performance Food Group,Food Distribution,19744,12.1%,18000,"Richmond, Virginia"
169,Avnet,Electronic distribution,19519,2.5%,15500,"Phoenix, Arizona"
170,Synchrony Financial,Finance,19461,6.6%,16500,"Stamford, Connecticut"
171,Genuine Parts Company,Auto parts,19392,3.5%,55000,"Atlanta, Georgia"
172,NextEra Energy,Electric power,19204,14.8%,14800,"Juno Beach, Florida"
173,CarMax,Retailer,19146,6.5%,25946,"Richmond, Virginia"
174,Tenet Healthcare,Healthcare,18479,0.9%,101104,"Dallas, Texas"
175,Kimberly-Clark,Consumer health,18450,0.2%,40000,"Irving, Texas"
176,Emerson Electric,Electric equipment,18372,5.5%,88000,"Ferguson, Missouri"
177,WestRock,Consumer packaging,18289,12.3%,51100,"Atlanta, Georgia"
178,CDW,Information technology,18032,11.0%,9900,"Lincolnshire, Illinois"
179,JLL,Real estate,17983,10.2%,93400,"Chicago, Illinois"
180,Sherwin-Williams,Paints and Coatings,17901,2.1%,61111,"Cleveland, Ohio"
181,Fluor Corporation,Construction,17817,7.0%,53349,"Irving, Texas"
182,PayPal,Financial technology,17772,15.0%,23200,"San Jose, California"
183,D. R. Horton,Construction,17593,9.5%,8916,"Arlington, Texas"
184,HollyFrontier,Petroleum industry,17487,1.3%,4074,"Dallas, Texas"
185,Tenneco,Auto parts,17450,48.3%,78000,"Lake Forest, Illinois"
186,EOG Resources,Petroleum industry,17380,0.6%,2900,"Houston, Texas"
187,"Becton, Dickinson and Company",Medical devices,17290,8.2%,70093,"Franklin Lakes, New Jersey"
188,Lincoln National Corporation,Insurance,17258,5.1%,11357,"Radnor, Pennsylvania"
189,Pacific Gas and Electric Company,Electric Utility,17129,2.2%,23000,"San Francisco, California"
190,Salesforce,Technology,17098,28.9%,17098,"San Francisco, California"
191,Mastercard,Financial Technology,16883,12.9%,18600,"New York City, New York"
192,General Mills,Food processing,16865,7.1%,40000,"Minneapolis, Minnesota"
193,Molina Healthcare,Healthcare,16829,10.9%,10000,"Long Beach, California"
194,Cognizant,Information technology,16783,4.1%,292500,"Teaneck, New Jersey"
195,Marsh & McLennan Companies,Insurance,16652,11.4%,76000,"New York City, New York"
196,XPO Logistics,Logistics,16648,3.7%,100000,"Greenwich, Connecticut"
197,Dominion Energy,Electric utility,16572,24.0%,19100,"Richmond, Virginia"
198,Western Digital,Computer hardware,16569,19.8%,61800,"San Diego, California"
199,Gap Inc.,Retail,16383,1.2%,129000,"San Francisco, California"
200,Aramark,Food service,16227,2.8%,233400,"Philadelphia, Pennsylvania"
201,Principal Financial Group,Financials,16222,13.9%,17601,"Des Moines, Iowa,"
202,Ross Stores,Retail,16039,7.0%,92500,"Dublin, California"
203,Colgate-Palmolive,Consumer goods,15693,1.0%,34300,"New York City, New York"
204,American Electric Power,Electric utility,15561,3.9%,17408,"Columbus, Ohio"
205,Nordstrom,Retail,15524,2.1%,75000,"Seattle, Washington"
206,Jacobs Engineering Group,Construction,15464,3.2%,50000,"Dallas, Texas"
207,Waste Management,Waste service,15455,3.6%,44900,"Houston, Texas"
208,C. H. Robinson,Logistics,15310,7.9%,15427,"Eden Prairie, Minnesota"
209,PPG Industries,Chemical industry,15146,1.5%,47600,"Pittsburgh, Pennsylvania"
210,Booking Holdings,Travel Technology,15066,3.7%,26400,"Norwalk, Connecticut"
211,Omnicom Group,Advertising,14954,2.2%,70000,"New York City, New York"
212,Loews Corporation,Insurance,14931,6.5%,18605,"New York City, New York"
213,Ecolab,Chemical industry,14906,1.6%,50200,"St. Paul, Minnesota"
214,Stryker Corporation,Medical devices,14884,9.4%,40000,"Kalamazoo, Michigan"
215,Est√©e Lauder Companies,Cosmetics,14863,8.6%,48000,"New York City, New York"
216,Goodyear Tire and Rubber Company,Manufacturing,14745,4.7%,63000,"Akron, Ohio"
217,Truist Financial,Financials,14664,12.8%,59000,"Charlotte, North Carolina"
218,Applied Materials,Semiconductor,14608,15.3%,22000,"Santa Clara, California"
219,BlackRock,Financials,14539,2.4%,16200,"New York City, New York"
220,Stanley Black & Decker,Hardware,14442,3.3%,59438,"New Britain, Connecticut"
221,Freeport-McMoRan,Metals and Mining,14402,22.7%,27500,"Phoenix, Arizona"
222,Texas Instruments,Semiconductor,14383,8.9%,29768,"Dallas, Texas"
223,Biogen,Biotechnology,14378,6.9%,7400,"Cambridge, Massachusetts"
224,Parker Hannifin,Manufacturing,14320,0.1%,55610,"Cleveland, Ohio"
225,Reinsurance Group of America,Insurance,14300,11.1%,3188,"Chesterfield, Missouri"
226,Howmet Aerospace,Aerospace and defense,14192,1.3%,41700,"Pittsburgh, Pennsylvania"
227,ADP,Business services,14175,6.4%,58000,"Minneapolis, Minnesota"
228,Uber,Technology,14147,25.5%,26900,"San Francisco, California"
229,Illinois Tool Works,Manufacturing,14109,4.5%,45000,"Glenview, Illinois"
230,DaVita Inc.,Healthcare,14102,13.9%,65000,"Denver, Colorado"
231,Discover Financial,Financial Service,13989,8.9%,17200,"Chicago, Illinois"
232,Land O'Lakes,Agriculture,13888,7.0%,8000,"Arden Hills, Minnesota"
233,VF Corporation,Apparel,13871,7.8%,75000,"Denver, Colorado"
234,Corteva,Food production,13846,6.9%,21000,"Wilmington, Delaware"
235,Las Vegas Sands,Hospitality,13739,0.1%,50000,"Paradise, Nevada"
236,Textron,Aerospace and defense,13630,2.4%,35000,"Providence, Rhode Island"
237,Kellogg's,Food processing,13578,0.2%,31000,"Battle Creek, Michigan"
238,Guardian Life Insurance Company of America,Insurance,13477,3.5%,9032,"New York City, New York"
239,Qurate Retail Group,Media,13458,4.3%,25314,"Englewood, Colorado"
240,Core-Mark,Food distribution,13329,3.3%,8555,"Westlake, Texas"
241,Community Health Systems,Healthcare,13210,6.7%,71500,"Franklin, Tennessee"
242,Kinder Morgan,Petroleum industry,13209,6.6%,11086,"Houston, Texas"
243,BJ's Wholesale Club,Retail,13191,1.4%,27231,"Westborough, Massachusetts"
244,State Street Corporation,Financials,13131,1.2%,39103,"Boston, Massachusetts"
245,Ameriprise Financial,Finance,13103,1.4%,12500,"Minneapolis, Minnesota"
246,Global Partners,Energy supply,13082,3.2%,3860,"Waltham, Massachusetts"
247,U.S. Steel,Steel,12937,8.8%,27500,"Pittsburgh, Pennsylvania"
248,L Brands,Retail,12914,2.4%,59950,"Columbus, Ohio"
249,MGM Resorts International,Hospitality,12900,9.7%,72000,"Las Vegas, Nevada"
250,L3Harris Technologies,Aerospace and defense,12856,108.0%,50000,"Melbourne, Florida"
251,Dish Network,Telecommunications,12808,6.0%,16000,"Englewood, Colorado"
252,Lithia Motors,Auto retailer,12673,7.2%,14320,"Medford, Oregon"
253,DTE Energy,Energy utilities,12669,10.9%,10700,"Detroit, Michigan"
254,American Family Insurance,Insurance,12633,22.2%,13531,"Madison, Wisconsin"
255,Farmers Insurance Group,Insurance,12593,8.1%,10980,"San Diego, California"
256,Consolidated Edison,Energy utilities,12574,1.9%,14890,"New York City, New York"
257,LKQ Corporation,Auto parts,12506,5.3%,51000,"Chicago, Illinois"
258,Sempra Energy,Energy utilities,12443,6.5%,13969,"San Diego, California"
259,Edison International,Energy utilities,12347,2.4%,12937,"Rosemead, California"
260,CenterPoint Energy,Energy utilities,12301,16.2%,14262,"Houston, Texas"
261,Quanta Services,Engineering,12112,8.4%,40300,"Houston, Texas"
262,Murphy USA,Petroleum industry,12101,3.4%,7250,"El Dorado, Arkansas"
263,Expedia Group,Technology,12067,7.5%,25400,"Seattle, Washington"
264,Group 1 Automotive,Auto retailer,12044,3.8%,15296,"Houston, Texas"
265,Bed Bath & Beyond,Retail,12029,2.6%,62000,"Springfield, New Jersey"
266,Unum,Insurance,11999,3.5%,10300,"Chattanooga, Tennessee"
267,CSX Corporation,Rail transportation,11937,2.6%,20908,"Jacksonville, Florida"
268,AutoZone,Auto retailer,11864,5.7%,75840,"Memphis, Tennessee"
269,Pacific Life,Insurance,11847,10.7%,3815,"San Diego, California"
270,Vistra Energy,Energy,11809,29.1%,5475,"Irving, Texas"
271,Charles Schwab Corporation,Financials,11785,7.2%,19700,"Westlake, Texas"
272,Crown Holdings,Packaging,11665,4.6%,33043,"Philadelphia, Pennsylvania"
273,Ally Financial,Financials,11618,11.0%,8700,"Detroit, Michigan"
274,LabCorp,Healthcare,11555,2.0%,65000,"Burlington, North Carolina"
275,Live Nation Entertainment,Entertainment,11548,7.0%,18200,"Beverly Hills, California"
276,Xcel Energy,Energy utilities,11529,0.1%,11295,"Minneapolis, Minnesota"
277,Corning Inc.,Manufacturing,11503,1.9%,49500,"Corning, New York"
278,W. W. Grainger,Industrial supply,11486,2.4%,24550,"Chicago, Illinois"
279,Ball Corporation,Packaging,11474,1.4%,18300,"Broomfield, Colorado"
280,Fox Corporation,Media,11389,...,7700,"New York City, New York"
281,Universal Health Services,Healthcare,11378,5.6%,79050,"King of Prussia, Pennsylvania"
282,Baxter International,Medical devices,11362,2.4%,50000,"Chicago, Illinois"
283,Norfolk Southern Corp,Transportation,11296,1.4%,24587,"Norfolk, Virginia"
284,Navistar International,Automotive,11251,9.8%,12300,"Lisle, Illinois"
285,Adobe Inc.,Technology,11171,23.7%,22634,"San Jose, California"
286,J.C. Penney,Retail,11167,7.1%,90000,"Plano, Texas"
287,"Discovery, Inc.",Media,11144,5.6%,9200,"Silver Spring, Maryland"
288,Keurig Dr Pepper,Food processing,11120,49.4%,25500,"Burlington, Massachusetts"
289,Leidos,Defense engineering,11094,8.8%,34000,"Reston, Virginia"
290,IQVIA,Healthcare,11088,6.5%,67000,"Durham, North Carolina"
291,Reliance Steel & Aluminum Co.,Steel,10974,4.9%,15300,"Los Angeles, California"
292,Nvidia,Semiconductors,10918,6.8%,13775,"Santa Clara, California"
293,Entergy Corp,Energy Utility,10879,1.2%,13635,"New Orleans, Louisiana"
294,FirstEnergy,Electric Utility,10850,8.5%,12316,"Akron, Ohio"
295,eBay,Retail,10800,0.5%,13300,"San Jose, California"
296,Boston Scientific,Medical devices,10735,9.3%,36000,"Marlborough, Massachusetts"
297,Office Depot,Office retail,10647,4.3%,40000,"Boca Raton, Florida"
298,Molson Coors Beverage Company,Beverages,10579,1.8%,17700,"Chicago, Illinois"
299,Steel Dynamics,Steel manufacturing,10465,11.5%,8385,"Fort Wayne, Indiana"
300,Mutual of Omaha,Financial Service,10456,11.9%,6072,"Omaha, Nebraska"
301,Sonic Automotive,Auto retailer,10454,5.1%,9300,"Charlotte, North Carolina"
302,Alcoa,Manufacturing,10433,22.2%,13800,"Pittsburgh, Pennsylvania"
303,FIS,Financial Technology,10333,22.7%,55000,"Jacksonville, Florida"
304,Henry Schein,Healthcare,10305,21.9%,19000,"New York City, New York"
305,Republic Services,Waste management,10299,2.6%,36000,"Phoenix, Arizona"
306,Liberty Media,Media,10292,28.0%,6753,"Englewood, Colorado"
307,Kiewit Corporation,Construction,10283,13.9%,23000,"Omaha, Nebraska"
308,Interpublic Group of Companies,Advertising,10221,5.2%,54300,"New York City, New York"
309,PulteGroup,Construction,10213,0.2%,5245,"Atlanta, Georgia"
310,AES Corporation,Electric utility,10189,5.1%,8000,"Arlington, Virginia"
311,Fiserv,Financials,10187,74.9%,44000,"Brookfield, Wisconsin,"
312,BorgWarner,Automotive,10168,3.4%,29000,"Auburn Hills, Michigan"
313,Oneok,Petroleum industry,10164,19.3%,2882,"Tulsa, Oklahoma"
314,O'Reilly Auto Parts,Auto retailer,10150,6.4%,67663,"Springfield, Missouri"
315,Assurant,Insurance,10087,25.2%,13900,"New York City, New York"
316,Newell Brands,Consumer goods,10083,22.6%,30000,"Atlanta, Georgia"
317,Public Service Enterprise Group,Utilities,10076,3.9%,12992,"Newark, New Jersey"
318,News Corp,Media,10074,11.6%,28000,"New York City, New York"
319,Calpine,Energy,10072,5.9%,2256,"Houston, Texas"
320,Auto-Owners Insurance,Insurance,10007,25.1%,6141,"Lansing, Michigan"
321,Mohawk Industries,Manufacturing,9971,0.1%,41800,"Calhoun, Georgia"
322,Campbell Soup Company,Food processing,9909,14.1%,19000,"Camden, New Jersey"
323,PVH,Apparel,9909,2.6%,30750,"New York City, New York"
324,NRG Energy,Energy,9871,8.6%,4577,"Princeton, New Jersey"
325,Fifth Third Bank,Financials,9790,22.8%,19869,"Cincinnati, Ohio"
326,Hertz Corporation,Auto retailer,9779,2.9%,38000,"Estero, Florida"
327,Altice USA,Telecommunications,9761,2.0%,10700,"New York City, New York"
328,Newmont Corporation,Mining,9740,34.3%,16600,"Greenwood Village, Colorado"
329,Cheniere Energy,Energy,9730,21.8%,1530,"Houston, Texas"
330,Advance Auto Parts,Auto retailer,9709,1.3%,53000,"Raleigh, North Carolina"
331,Lam Research,Semiconductor,9654,12.9%,10700,"Fremont, California"
332,Owens & Minor,Healthcare,9650,1.9%,15400,"Mechanicsville, Virginia"
333,Equitable Holdings,Insurance,9591,20.6%,10100,"New York City, New York"
334,Conagra Brands,Food processing,9538,20.2%,18000,"Chicago, Illinois"
335,Markel Corporation,Insurance,9526,39.2%,18600,"Tysons Corner, Virginia"
336,Edward Jones Investments,Financials,9526,10.8%,49000,"St Louis, Missouri"
337,Hormel,Food processing,9497,0.5%,18800,"Austin, Minnesota"
338,Hilton Worldwide,Hospitality,9452,6.1%,173000,"Tysons Corner, Virginia"
339,Univar Solutions,Chemical industry,9444,9.4%,10300,"Chicago, Illinois"
340,United Rentals,Rental equipment,9351,16.2%,19100,"Stamford, Connecticut"
341,Pioneer Natural Resources,Petroleum industry,9304,1.2%,2323,"Irving, Texas"
342,Delek US,Petroleum industry,9298,9.4%,3707,"Brentwood, Tennessee"
343,Eastman Chemical Company,Chemical industry,9273,8.6%,14500,"Kingsport, Tennessee"
344,Emcor,Engineering,9175,12.8%,36000,"Norwalk, Connecticut"
345,Avis Budget Group,Car rental,9172,0.5%,25600,"Parsippany, New Jersey"
346,J. B. Hunt,Transportation,9165,6.4%,29056,"Lowell, Arkansas"
347,Xerox,Technology,9145,7.0%,27000,"Norwalk, Connecticut"
348,Wayfair,Retail,9127,34.6%,16985,"Boston, Massachusetts"
349,Kohlberg Kravis Roberts,Financials,9120,74.6%,1384,"New York City, New York"
350,AGCO,Agricultural equipment,9041,3.3%,20961,"Duluth, Georgia"
351,Alleghany Corporation,Insurance,9041,31.3%,10786,"New York City, New York"
352,Icahn Enterprises,Conglomerate,8992,52.6%,28033,"New York City, New York"
353,Voya Financial,Financials,8942,0.1%,6000,"New York City, New York"
354,Ryder,Transportation,8926,6.1%,39900,"Miami, Florida"
355,Air Products & Chemicals,Chemical industry,8919,0.1%,17570,"Allentown, Pennsylvania"
356,The Mosaic Company,Fertilizer,8906,7.1%,12600,"Tampa, Florida"
357,Huntington Ingalls Industries,Defense industry,8899,8.8%,42000,"Newport News, Virginia"
358,Berry Global,Packaging,8878,12.8%,48000,"Evansville, Indiana"
359,Anixter,Distribution,8846,5.3%,9400,"Glenview, IL"
360,Alaska Air Group,Airlines,8781,6.3%,24134,"SeaTac, Washington"
361,Yum China,Food chain,8776,4.3%,450500,"Plano, Texas"
362,Dick's Sporting Goods,Retail,8751,3.7%,28450,"Coraopolis, Pennsylvania"
363,Caesars Entertainment,Casinos and Resorts,8742,4.2%,64000,"Reno, Nevada"
364,Genworth Financial,Financials,8681,3.0%,3100,"Richmond, Virginia"
365,Targa Resources,Petroleum industry,8671,17.3%,2680,"Houston, Texas"
366,"Coty, Inc.",Cosmetics,8649,8.0%,19000,"New York City, New York"
367,Dana Incorporated,Automotive,8620,5.9%,36300,"Maumee, Ohio"
368,Thrivent Financial,Insurance,8612,0.3%,3235,"Minneapolis, Minnesota"
369,Autoliv,Automotive,8548,12.8%,61957,"Auburn Hills, Michigan"
370,SpartanNash,Food distribution,8536,5.8%,13800,"Byron Center, Michigan"
371,Eversource Energy,Electric Utility,8527,0.9%,8234,"Boston, Massachusetts"
372,Darden Restaurants,Restaurants,8510,5.3%,184514,"Orlando, Florida,"
373,Chesapeake Energy,Petroleum industry,8489,17.0%,2300,"Oklahoma City, Oklahoma"
374,NOV Inc.,Petroleum industry,8479,0.3%,34645,"Houston, Texas"
375,Fidelity National Financial,Financials,8469,11.5%,23484,"Jacksonville, Florida"
376,Erie Insurance Group,Insurance,8443,5.1%,5778,"Erie, Pennsylvania"
377,Oshkosh Corporation,Automotive,8382,8.8%,15400,"Oshkosh, Wisconsin"
378,Casey's General Stores,Retail,8365,11.9%,26866,"Ankeny, Iowa"
379,WESCO International,Distribution,8359,2.2%,9500,"Pittsburgh, Pennsylvania"
380,Tractor Supply Company,Retail,8352,5.6%,24000,"Brentwood, Tennessee"
381,CommScope,Telecommunications,8345,82.7%,30000,"Hickory, North Carolina"
382,Huntsman Corporation,Chemical industry,8342,27.6%,10000,"The Woodlands, Texas"
383,American Financial Group,Financials,8237,15.2%,7700,"Cincinnati, Ohio"
384,Masco,Distribution,8235,1.5%,22000,"Livonia, Michigan"
385,Sanmina Corporation,Electronic manufacturing service,8234,15.8%,38500,"San Jose, California"
386,Amphenol,Cables manufacturing,8225,0.3%,74000,"Wallingford, Connecticut"
387,Williams Companies,Petroleum industry,8201,5.6%,4812,"Tulsa, Oklahoma"
388,Westinghouse Air Brake Company,Machinery,8200,87.9%,27500,"Pittsburgh, Pennsylvania"
389,Expeditors International,Transportation,8175,0.5%,18000,"Seattle, Washington"
390,The Andersons,Food production,8170,168.3%,2284,"Maumee, Ohio"
391,Westlake Chemical,Chemical industry,8118,6.0%,9430,"Houston, Texas"
392,Constellation Brands,Beverages,8116,7.0%,9800,"Victor, New York"
393,Frontier Communications,Telecommunications,8107,5.9%,18317,"Norwalk, Connecticut"
394,JetBlue,Airlines,8094,5.7%,19032,"New York City, New York"
395,Citizens Financial Group,Financials,8066,9.7%,17997,"Providence, Rhode Island,"
396,Raymond James Financial,Financials,8023,7.3%,14200,"St. Petersburg, Florida"
397,Foot Locker,Sports retailer,8005,0.8%,33294,"New York City, New York"
398,The Hershey Company,Food processing,7986,2.5%,15330,"Hershey, Pennsylvania"
399,Zimmer Biomet,Manufacturing,7982,0.6%,19900,"Warsaw, Indiana,"
400,Cincinnati Financial,Financials,7924,46.5%,5200,"Cincinnati, Ohio"
401,Western & Southern Financial Group,Insurance,7921,9.9%,2787,"Cincinnati, Ohio"
402,W. R. Berkley,Insurance,7902,2.7%,7493,"Greenwich, Connecticut"
403,Motorola Solutions,Manufacturing,7887,7.4%,17000,"Chicago, Illinois"
404,Thor Industries,Manufacturing,7865,5.6%,21750,"Elkhart, Indiana,"
405,Regeneron Pharmaceuticals,Pharmaceutical industry,7863,12.7%,8100,"Victor, New York"
406,Spirit AeroSystems,Aerospace,7863,8.9%,18200,"Wichita, Kansas,"
407,The J.M. Smucker Company,Food processing,7838,6.5%,7400,"Orrville, Ohio"
408,PPL Corporation,Electric utility,7769,0.2%,12280,"Allentown, Pennsylvania"
409,Insight Enterprises,Information technology,7731,9.2%,11261,"Tempe, Arizona"
410,Quest Diagnostics,Diagnostics,7726,2.6%,47000,"Secaucus, New Jersey"
411,KeyBank,Banking,7694,4.1%,17045,"Cleveland, Ohio"
412,Veritiv,Paper and Packaging,7659,11.9%,8000,"Atlanta, Georgia"
413,DCP Midstream Partners,Petroleum industry,7625,22.4%,2250,"Denver, Colorado"
414,American Tower,Communications,7580,1.9%,5454,"Boston, Massachusetts"
415,Graybar,Electrical equipment,7524,4.5%,9000,"Clayton, Missouri"
416,WEC Energy Group,Electric Utility,7523,2.0%,7509,"Milwaukee, Wisconsin"
417,"NVR, Inc.",Construction,7428,3.3%,5700,"Irvine, California"
418,Ulta Beauty,Cosmetics,7398,10.1%,31000,"Bolingbrook, Illinois"
419,Devon Energy,Petroleum industry,7372,31.3%,1800,Oklahoma City
420,The Blackstone Group,Financials,7338,7.4%,2905,"New York City, New York"
421,Dean Foods,Food Processing,7329,5.5%,14500,"Dallas, Texas,"
422,Fortive,Machinery,7326,1.7%,25000,"Everett, Washington"
423,UGI Corporation,Energy,7320,4.3%,12800,"King of Prussia, Pennsylvania"
424,Burlington,Retail,7286,9.3%,47000,"Burlington, New Jersey"
425,Builders FirstSource,Building materials,7280,5.8%,15800,"Dallas, Texas,"
426,Toll Brothers,Construction,7224,1.1%,5100,"Horsham, Pennsylvania"
427,Old Republic International,Insurance,7214,19.8%,9000,"Chicago, Illinois"
428,Asbury Automotive Group,Auto retailer,7210,4.9%,8500,"Duluth, Georgia"
429,Arthur J. Gallagher & Co.,Insurance,7195,3.8%,33247,"Meadows, Illinois"
430,MasTec,Engineering construction,7183,4.0%,21000,"Coral Gables, Florida"
431,Owens Corning,Manufacturing,7160,1.5%,19000,"Toledo, Ohio"
432,Magellan Health,Healthcare,7159,2.1%,10100,"Phoenix, Arizona"
433,Dover Corporation,Manufacturing,7136,3.5%,24000,"Chicago, Illinois"
434,Beacon Building Products,Building materials,7105,10.7%,8147,"Herndon, Virginia,"
435,Avery Dennison,Packaging,7070,1.2%,30000,"Glendale, California"
436,Hanesbrands,Clothing,6967,2.4%,63000,"Winston-Salem, North Carolina"
437,Packaging Corporation of America,Manufacturing,6964,0.7%,15500,"Chicago, Illinois"
438,M&T Bank,Financials,6941,7.5%,17386,"Buffalo, New York"
439,NCR Corporation,Technology,6915,8.0%,36000,"Atlanta, Georgia"
440,Northern Trust,Financials,6895,3.5%,19800,"Chicago, Illinois"
441,Cintas,Manufacturing service,6892,6.2%,45000,"Cincinnati, Ohio"
442,Polaris Inc.,Manufacturing,6863,11.3%,14000,"Medina, Minnesota"
443,CMS Energy,Electric Utility,6845,0.4%,8459,"Jackson, Michigan"
444,Seaboard Corporation,Food production,6840,3.9%,13100,"Merriam, Kansas"
445,Intuit,Technology,6784,13.7%,9400,"Mountain View, California"
446,Regions Financial Corporation,Financials,6755,0.1%,19564,"Birmingham, Alabama"
447,FM Global,Insurance,6743,24.2%,5591,"Johnston, Rhode Island"
448,Advanced Micro Devices,Semiconductor,6731,4.0%,11400,"Santa Clara, California"
449,Ovintiv,Petroleum industry,6726,13.3%,2571,"Denver, Colorado"
450,Booz Allen Hamilton,Information technology,6704,8.6%,26100,"McLean, Virginia"
451,S&P Global,Financials,6699,7.0%,22500,"New York City, New York"
452,Rockwell Automation,Electrical equipment,6695,0.4%,23000,"Milwaukee, Wisconsin"
453,O-I Glass,Manufacturing,6691,2.7%,27500,"Perrysburg, Ohio"
454,Wynn Resorts,Hospitality,6611,1.6%,30200,"Paradise, Nevada"
455,Securian Financial Group,Insurance,6601,20.1%,6400,"Minneapolis, Minnesota"
456,Alliance Data,Technology,6581,15.5%,8500,"Columbus, Ohio"
457,Brighthouse Financial,Financials,6554,26.9%,1330,"Charlotte, North Carolina"
457,Weyerhaeuser,Forest and Paper Products,6554,12.3%,9400,"Seattle, Washington"
459,Intercontinental Exchange,Financial,6547,4.3%,5989,"Atlanta, Georgia"
460,American Axle,Automotive,6531,10.2%,20000,"Detroit, Michigan"
461,Hess Corporation,Petroleum industry,6510,0.7%,1775,"New York City, New York"
462,ABM Industries,Facility Services,6499,0.9%,140000,"New York City, New York"
463,Activision Blizzard,Video games,6489,13.5%,9200,"Santa Monica, California"
464,GameStop,Retail,6466,26.9%,30000,"Dallas, Texas,"
465,APA Corporation,Petroleum industry,6411,13.6%,3163,"Houston, Texas"
466,Science Applications International Corporation,Information Technology Services,6379,36.9%,24311,"Reston, Virginia"
467,AK Steel Holding,Metals,6359,6.7%,9300,"West Chester, Ohio"
468,Dillard's,Retail,6343,2.5%,30400,"Little Rock, Arkansas"
469,Ralph Lauren Corporation,Fashion,6313,2.1%,18650,"New York City, New York"
470,Celanese,Chemical industry,6297,12.0%,7714,"Irving, Texas"
471,RR Donnelley,Printing,6276,7.7%,36400,"Chicago, Illinois"
472,Zoetis,Pharmaceutical industry,6260,7.5%,10600,"Parsippany, New Jersey"
473,Ascena Retail Group,Retail,6243,5.1%,33000,"Mahwah, New Jersey"
474,Clorox,Household products,6214,1.5%,8800,"Oakland, California"
475,Ingredion,Food Processing,6209,6.3%,11000,"Westchester, Illinois"
476,First American Financial,Insurance,6202,7.9%,18412,"Santa Ana, California"
477,Graphic Packaging,Packaging,6160,2.3%,18000,Atlanta Georgia
478,HD Supply,Retail,6146,1.6%,11500,Atlanta Georgia
479,NetApp,Technology,6146,4.0%,10500,"Sunnyvale, California"
480,TravelCenters of America,Retail,6117,12.3%,18594,"Westlake, Ohio"
481,Olin Corporation,Chemical industry,6110,12.0%,6500,"Clayton, Missouri"
482,Robert Half International,Professional services,6074,4.7%,16000,"Menlo Park, California"
483,EnLink Midstream,Pipelines,6053,21.4%,1355,"Dallas, Texas"
484,Avantor,Manufacturing,6040,3.0%,12000,"Radnor, Pennsylvania"
485,"Tapestry, Inc.",Apparel,6027,2.5%,17400,"New York City, New York"
486,TD Ameritrade,Online broker,6016,10.3%,9226,"Omaha, Nebraska"
487,Analog Devices,Manufacturing,5991,3.4%,16400,"Greeley, Colorado"
488,Ameren,Electric utility,5910,6.1%,9323,"St. Louis, Missouri"
489,"Williams-Sonoma, Inc.",Retail,5898,4.0%,19300,"San Francisco, California"
490,Realogy,Real estate,5870,3.4%,10150,"Madison, New Jersey"
491,Commercial Metals Company,Metals,5829,17.8%,11524,"Irving, Texas"
492,Rush Enterprises,Auto retailer,5810,5.5%,7244,"New Braunfels, Texas"
493,Franklin Templeton Investments,Financials,5775,8.6%,9597,"San Mateo, California"
494,Fortune Brands Home & Security,Manufacturing,5765,5.1%,24700,"Deerfield, Illinois"
495,Levi Strauss & Co.,Apparel,5763,3.4%,15800,"San Francisco, California"
496,Crown Castle,Real estate,5763,7.3%,5100,"Houston, Texas"
497,Simon Property Group,Real estate,5755,1.7%,3750,"Indianapolis, Indiana"
498,Cerner,Healthcare,5693,6.1%,27400,"North Kansas City, Missouri"
499,Post Holdings,Food processing,5681,9.2%,10100,"St. Louis, Missouri"
500,Huntington Bancshares,Financials,5655,7.3%,15664,"Columbus, Ohio"
501,Quanta Computer,Technology,N/A,N/A,N/A,"Guishan District, Taiwan"
502,Colonial Pipeline Company,Pipelines,N/A,N/A,N/A,"Alpharetta, Georgia"
503,ExaGrid,Technology,N/A,N/A,N/A,"Westborough, Massachusetts"
504,Applus Technologies,Technology,N/A,N/A,N/A,"Chicago, Illinois"
505,Buffalo Public Schools,Education,N/A,N/A,N/A,"Buffalo, New York"
506,CNA,Finance,N/A,N/A,N/A,"Chicago, Illinois"
507,Acer,Technology,N/A,N/A,N/A,"New Taipei City, Taiwan"
508,AXA,Insurance,N/A,N/A,N/A,"Paris, France"
509,JBS USA,Food processing,N/A,N/A,N/A,"Greeley, Colorado"
